track,tot_sales
The Trooper,5
Untitled,4
The Number Of The Beast,4
Sure Know Something,4
Hallowed Be Thy Name,4
Eruption,4
Where Eagles Dare,3
Welcome Home (Sanitarium),3
Sweetest Thing,3
Surrender,3
Stairway To Heaven,3
Selvagem,3
Sanctuary,3
Release,3
Plaster Caster,3
Linha Do Equador,3
Iron Maiden,3
Heaven Can Wait,3
Good Golly Miss Molly,3
Flying High Again,3
Dazed and Confused,3
Can I Play With Madness,3
Brasil,3
Blood Brothers,3
2 Minutes To Midnight,3
Álibi,2
Your Time Is Gonna Come,2
You've Got Another Thing Comin',2
You're My Best Friend,2
You Got Me Rocking,2
You Better You Bet,2
Year to the Day,2
Wrathchild,2
Woman Is The Nigger Of The World (Ao Vivo),2
Whiskey In The Jar,2
When My Left Eye Jumps,2
When Love Comes To Town,2
When I Look At The World,2
When I Come Around,2
Whatsername,2
"Whatever It Is, I Just Can't Stop",2
What A Day,2
We Are The Champions,2
War Pigs,2
Walter's Walk,2
Walking Into Clarksdale,2
Walkabout,2
Waiting,2
Voodoo,2
Violent Pornography,2
Undertow,2
Under The Bridge,2
Um Amor Puro,2
Two Hearts Beat As One,2
Turbo Lover,2
Travis Walk,2
Train In Vain,2
Toda Cor,2
Title Song,2
Times Like These,2
The Woman King,2
The Wicker Man,2
The Unforgiven II,2
The Unforgiven,2
The Thin Line Between Love & Hate,2
The Star Spangled Banner,2
The Prisoner,2
The Midnight Special,2
The Last Song,2
The House Jack Built,2
The Garden,2
The Fix,2
The Evil That Men Do,2
The Duke,2
The Clairvoyant,2
The Aftermath,2
That's The Way,2
Thank You,2
Tempo Perdido,2
Tear,2
Tarde Em Itapoã,2
Tanto Tempo,2
Take It Or Leave It,2
Só Tinha De Ser Com Você,2
"Symphonie Fantastique, Op. 14: V. Songe d'une nuit du sabbat",2
Sweet Hitch-Hiker,2
Susie Q,2
Sunshine Of Your Love,2
Sunday Bloody Sunday,2
Sun King,2
"Suite No. 3 in D, BWV 1068: III. Gavotte I & II",2
"String Quartet No. 12 in C Minor, D. 703 ""Quartettsatz"": II. Andante - Allegro assai",2
Stormbringer,2
Stone Cold Crazy,2
Stir It Up (Live),2
Starburst,2
Speed Of Light,2
Somebody To Love,2
Soldier Side - Intro,2
So What,2
So Central Rain,2
Snowblind,2
Snowballed,2
Smoke On The Water,2
Smells Like Teen Spirit,2
Slither,2
Since I've Been Loving You,2
Sign Of The Cross,2
Shoot Me Again,2
Shock Me,2
She Loves Me Not,2
She,2
Shakes and Ladders,2
"Scheherazade, Op. 35: I. The Sea and Sindbad's Ship",2
Save The Children,2
Saturnine,2
Sangue Latino,2
Samba Do Lado,2
Samba De Orly,2
Saber Amar,2
Run To The Hills,2
Run Silent Run Deep,2
Romance Ideal,2
Rocket Queen,2
Rock And Roll All Nite,2
Rock & Roll,2
Right On Time,2
Revolta Olodum,2
Rehab,2
Red Light,2
Real Love,2
Re-Align,2
Rappers Reais,2
Ramble On,2
Radio Song,2
Question!,2
Que Luz É Essa,2
Prowler,2
Promises,2
Primavera,2
Pride (In The Name Of Love),2
Pretty Noose,2
Powerslave,2
Por Causa De Você,2
Polly,2
Plot 180,2
Pilot,2
Piece Of Pie,2
Phyllis's Wedding,2
Phantom Lord,2
Perfect Crime,2
Pela Luz dos Olhos Teus (Miúcha e Tom Jobim),2
Peace On Earth,2
Paint It Black,2
Overdose,2
Onde Você Mora?,2
Onde Anda Você,2
O Pulso,2
Não Quero Dinheiro,2
Nothing Else Matters,2
Not The Doctor,2
Nossa Gente (Avisa Là),2
Norwegian Wood,2
No Quarter,2
No No No,2
Nice Guys Finish Last,2
New Year's Day,2
Nega Do Cabelo Duro,2
Nebulosa Do Amor,2
Música No Ar,2
"Music for the Funeral of Queen Mary: VI. ""Thou Knowest, Lord, the Secrets of Our Hearts""",2
Mr. Cab Driver,2
Motorbreath,2
Morena De Angola,2
Moonchild,2
Mis Penas Lloraba Yo (Ao Vivo) Soy Gitano (Tangos),2
Midnight From The Inside Out,2
Midlife Crisis,2
Miami,2
Meu Erro,2
Meu Caro Amigo,2
Mensagen De Amor (2000),2
Menino De Rua,2
Menestrel Das Alagoas,2
Mel,2
Meditação,2
Maybe I'm A Leo,2
Master Of Puppets,2
Manguetown,2
"Mama, I'm Coming Home",2
Lugar Nenhum,2
Lonely Stranger,2
Lixo Do Mangue,2
Living On Love,2
Living Loving Maid (She's Just A Woman),2
Light Years,2
Let Me Love You Baby,2
Leper Messiah,2
Lemon Drop,2
Leave My Girl Alone,2
Layla,2
Lay Down Sally,2
Last Cup Of Sorrow,2
Lamento De Carnaval,2
L'Avventura,2
L'Arc En Ciel De Miles,2
King For A Day,2
Já Foi,2
Judgement Of Heaven,2
J Squared,2
Is This Love (Live),2
Intro,2
Inject The Venom,2
In The Evening,2
Immigrant Song,2
Imagine,2
I'm Gonna Crawl,2
I'm Going Slightly Mad,2
I Can't Explain,2
I Believe,2
How to Stop an Exploding Man,2
How Many More Times,2
Hot Girl,2
Holiday,2
Hey America,2
Helpless,2
Heaven Coming Down,2
Hallelujah Here She Comes,2
Gyroscope,2
Give Peace a Chance,2
Give Me Novacaine,2
Gimme Some Truth,2
Ghost Of The Navigator,2
Get Up,2
Geni E O Zepelim,2
Gay Witch Hunt,2
Garden of Eden,2
Gangland,2
For the Greater Good of God,2
For Your Life,2
For Whom The Bell Tolls,2
Folhas Secas,2
Firmamento,2
Fear Of The Dark,2
Fall On Me,2
Falamansa Song,2
Everlasting Love,2
Esquinas,2
Esporrei Na Manivela,2
End Of Romanticism,2
Easy,2
Drum Boogie,2
Drifter,2
Dream Of Mirrors,2
Down by the Sea,2
Don't Take Your Love From Me,2
Don't Look To The Eyes Of A Stranger,2
Don't Look Now,2
"Dois Pra Lá, Dois Pra Cá",2
Dirty Day,2
Dezesseis,2
Deuces Are Wild,2
Desire,2
Dazed And Confused,2
Dancing Days,2
Country Feedback,2
Cornucopia,2
Comportamento Geral,2
Compadre,2
Communication Breakdown,2
Commotion,2
Comin' Home,2
Comida,2
City Of Blinding Lights,2
Children Of The Grave,2
Cherub Rock,2
Chemical Wedding,2
Celebration Day,2
Calling Dr. Love,2
Caleidoscópio,2
Caffeine,2
Cabeça Dinossauro,2
C'est La Vie,2
Bumbo Da Mangueira,2
Bullet With Butterfly Wings,2
Bron-Y-Aur Stomp,2
Breakdown,2
Branch Closing,2
Bowels Of The Devil,2
Boris The Spider,2
Blue Rythm Fantasy,2
Black Dog,2
Binky The Doormat,2
Big Wave,2
Better Than You,2
Bem Devagar,2
Believe,2
Beira Mar,2
Before You Accuse Me,2
Beautiful Boy,2
Battery,2
Basket Case,2
Banditismo Por Uma Questa,2
Balls to the Wall,2
Babylon,2
Açai,2
Azul,2
As Rosas Não Falam (Beth Carvalho),2
Animal,2
Ando Meio Desligado,2
Amor De Muito,2
All I Want Is You,2
All Along The Watchtower,2
Afraid To Shoot Strangers,2
Aces High,2
Acelerou,2
"Abraham, Martin And John",2
A Novidade (Live),2
A Melhor Forma,2
A Cor Do Sol,2
Óculos,1
"Étude 1, In C Major - Preludio (Presto) - Liszt",1
É Fogo,1
Água de Beber,1
Água E Fogo,1
Às Vezes,1
[Untitled],1
[Just Like] Starting Over,1
Zé Trindade,1
Zooropa,1
Zither,1
Zeca Violeiro,1
Zambação,1
Your Time Has Come,1
Your Blue Room,1
You've Been A Long Time Coming,1
You're Gonna Break My Hart Again,1
You Sure Love To Ball,1
You Shook Me(2),1
You Shook Me,1
You Really Got Me,1
You Oughta Know,1
You Learn,1
You Know I'm No Good (feat. Ghostface Killah),1
You Know I'm No Good,1
You Keep On Moving,1
You Fool No One,1
You Could Be Mine,1
You Can't Do it Right (With the One You Love),1
You Are The Everything,1
You Ain't the First,1
Yesterdays,1
Yesterday To Tomorrow,1
Yahweh,1
Xote Dos Milagres,1
Xanadu,1
X-9 2001,1
Wrote A Song For Everyone,1
World Wide Suicide,1
Woodpecker From Mars,1
Wonderful Tonight,1
Won't Get Fooled Again (Full Length Version),1
Women In Uniform,1
With Or Without You,1
Winterlong,1
Wildest Dreams,1
Wild Side,1
Wild Hearted Son,1
Why Go,1
Whole Lotta Love (Medley),1
Whole Lotta Love,1
Who'll Stop The Rain,1
Who Wants To Live Forever,1
Who Needs You,1
White Riot,1
White Feather,1
Whiplash,1
Wherever You May Go,1
Where The Wild Things Are,1
Where The River Goes,1
Where Have All The Good Times Gone?,1
When You Gonna Learn (Digeridoo),1
When The World Was Young,1
When The Levee Breaks,1
When Love & Hate Collide,1
When I Had Your Love,1
When Evening Falls,1
Whatever Gets You Thru the Night,1
What Now My Love,1
What It Takes,1
What Is And What Should Never Be,1
What If I Do?,1
Wet My Bed,1
Were Do We Go From Here,1
"Wellington's Victory or the Battle Symphony, Op.91: 2. Symphony of Triumph",1
Welcome to the Jungle,1
Wearing And Tearing,1
Wear You To The Ball,1
We're Gonna Groove,1
We Will Rock You,1
Wave (Os Cariocas),1
Waterhole (Expresso Bongo),1
Wasting Love,1
"War of the Gods, Pt. 2",1
War (The Process),1
Wanted Dread And Alive,1
Wall Of Denial,1
Walking Wounded,1
Walking On The Water,1
Walking Contradiction,1
Walking After You,1
Walkin' Blues,1
Walk To The Water,1
Walk On,1
Wake Up Dead Man,1
Wake Up Alone,1
Wake Up,1
Wake Me Up When September Ends,1
Waiting On A Sign,1
W.M.A.,1
Vôo Sobre o Horizonte,1
Vulcão Dub - Fui Eu,1
Vou Pra Ai,1
"Você Passa, Eu Acho Graça (Ao Vivo)",1
Você Fugiu,1
Você,1
Voce Nao Entende Nada - Cotidiano,1
Voce Inteira,1
Virginia Moon,1
Viradouro,1
Vida De Cachorro,1
Vida Boa,1
Vertigo,1
Verdade,1
Vavoom : Ted The Mechanic,1
Vamo Batê Lata,1
Valentino's,1
Vai Valer,1
Vai Passar,1
Up Around The Bend,1
Up An' Atom,1
Until We Fall,1
Until It Sleeps,1
Uns Dias,1
União Da Ilha,1
United Colours,1
Unfinished Business,1
Underwater Love,1
Under The Sun/Every Day Comes and Goes,1
Under Pressure,1
Under My Thumb,1
Unchained,1
Uma Brasileira,1
Um Satélite Na Cabeça,1
Um Passeio No Mundo Livre,1
Um Lugar ao Sol,1
Um Love,1
Um Jantar Pra Dois,1
Um Indio,1
Um Homem Chamado Alfredo,1
Um Dia Qualquer,1
"Um Amor, Um Lugar",1
Ugly In The Morning,1
Tyrant (Live),1
Two Steps Behind [Acoustic Version],1
Two Fanfares for Orchestra: II. Short Ride in a Fast Machine,1
Twentienth Century Fox,1
Turn The Page,1
Tuesday's Gone,1
Tudo Na Mais Santa Paz,1
Tudo Bem,1
Três Lados,1
Trupets Of Jericho,1
True Believers,1
Trocando Em Miúdos,1
TriboTchan,1
Travelling Riverside Blues,1
"Trash, Trampoline And The Party Girl",1
Transylvania,1
Trampled Under Foot,1
Tradição,1
Trac Trac,1
Top Top,1
Top O' The Morning To Ya,1
Too Young To Die,1
Tomorrow's Dream,1
Tommy Gun,1
Tombstone Shadow,1
Todo o Carnaval tem seu Fim,1
Todo Mundo Explica,1
Todo Amor Que Houver Nesta Vida,1
Todo Amor (Asas Da Liberdade),1
Toda Menina Baiana,1
To Tame A Land,1
To Live Is To Die,1
Time Is On My Side,1
Time,1
Tightrope,1
"Through the Looking Glass, Pt. 1",1
Through a Looking Glass,1
Through The Never,1
This Is The Place,1
This Is Radio Clash,1
Thinking 'Bout Tomorrow,1
Think About You,1
Thief In The Night,1
They're Red Hot,1
These Colours Don't Run,1
"There's No Place Like Home, Pt. 3",1
Theme From The Swan,1
The Zoo,1
The Zephyr Song,1
The Wrong Child,1
The Wind Cries Mary,1
The Whole Truth,1
The Wanderer,1
The Wake-Up Bomb,1
The Wait,1
The Unwritten Law,1
The Unforgettable Fire,1
The Unbeliever,1
The Tower,1
The Three Sunrises,1
The Thing That Should Not Be,1
The Sun Road,1
The Struggle Within,1
The Small Hours,1
The Show Must Go On,1
The Seeker,1
The River (Remix),1
The Right Thing,1
The Prophecy,1
The Power Of Equality,1
The Playboy Mansion,1
The Pilgrim,1
The Passage,1
The Pan Piper,1
The Outlaw Torn,1
The Other 48 Days,1
The Ocean,1
The Moth,1
The Morning After,1
The More I See,1
"The Messiah: Behold, I Tell You a Mystery... The Trumpet Shall Sound",1
The Memory Remains,1
The Meaning Of The Blues,1
The Man Behind the Curtain,1
The Magnificent Warriors,1
The Lost Warrior,1
The Long Patrol,1
The Long Con,1
"The Living Legend, Pt. 2",1
"The Living Legend, Pt. 1",1
The Lemon Song,1
The Last Remaining Light,1
The Job,1
The Invisible Man,1
The Initiation,1
The Ides Of March,1
The Hard Part,1
The Hand of God,1
"The Gun On Ice Planet Zero, Pt. 2",1
"The Gun On Ice Planet Zero, Pt. 1",1
The Great Gig In The Sky,1
The God That Failed,1
The Glass Ballerina,1
The Gentle Art Of Making Enemies,1
The Fugitive,1
The Frayed Ends Of Sanity,1
The Four Horsemen,1
The Fly,1
The First Time,1
The Finest Worksong,1
The Educated Fool,1
The Economist,1
The Dundies,1
The Deeper The Love,1
The Day I Tried To Live,1
The Cut Runs Deep,1
The Crystal Ship,1
The Crunge,1
The Coup,1
The Convict,1
The Convention,1
The Carpet,1
The Call Of Ktulu,1
The Beginning...At Last,1
The Beginning of the End,1
The Begining... At Last,1
The Battle Rages On,1
The Assassin,1
The Angel And The Gambler,1
The Alchemist,1
The 23rd Psalm,1
"Texto ""Verdade Tropical""",1
Texarkana,1
Territorial Pissings,1
Terra,1
Tendo A Lua,1
Ten Years Gone,1
Tempos Modernos,1
Tempo Rei,1
Tease Me Please Me,1
Tears In Heaven,1
Tears Dry On Their Own,1
Tea For One,1
Tatuagem,1
"Tapa Aqui, Descobre Ali",1
Talk About The Passion,1
Take the Celestra,1
Take the Box,1
Take This Bottle,1
Take The Power,1
Tailgunner,1
Sítio Do Pica-Pau Amarelo,1
Século XXI,1
Sábado A Noite,1
Sympton of the Universe,1
"Symphony No. 41 in C Major, K. 551, ""Jupiter"": IV. Molto allegro",1
"Symphony No. 3 Op. 36 for Orchestra and Soprano ""Symfonia Piesni Zalosnych"" \ Lento E Largo - Tranquillissimo",1
Symphony No. 2: III. Allegro vivace,1
"Symphony No. 2, Op. 16 -  ""The Four Temperaments"": II. Allegro Comodo e Flemmatico",1
"Symphony No. 104 in D Major ""London"": IV. Finale: Spiritoso",1
Swing Low Sweet Chariot,1
Sweethearts Together,1
Sweet Soul Sister,1
Sweet Lady Luck,1
"Suzie-Q, Pt. 2",1
Surprise! You're Dead!,1
Super Terrorizer,1
Summer Love,1
"Suite for Solo Cello No. 1 in G Major, BWV 1007: I. Prélude",1
Suck On The Jugular,1
Suck My Kiss,1
Sua Impossivel Chance,1
Stuck With Me,1
Strutter,1
Stripsearch,1
Stranger in a Strange Land,1
Stranger In a Strange Land,1
Strange Kind Of Woman,1
Straight Out Of Line,1
Stone Free,1
Stone Crazy,1
Sting Me,1
Still Of The Night,1
Still Loving You,1
Still Life,1
Still,1
"Stay (Faraway, So Close!)",1
Stars,1
Staring At The Sun,1
Star A.D.,1
Stand Inside Your Love,1
St. Jimmy,1
Squeeze Box,1
Spread Your Wings,1
Spoonman,1
Spirit Walker,1
Spellbound,1
Spank Thru,1
"Spanish moss-""A sound portrait""-Spanish moss",1
Spanish Eyes,1
Space Truckin',1
Sozinho (Hitmakers Classic Mix),1
Sozinho (Caêdrum 'n' Bass),1
Sozinho,1
Sound of a Gun,1
Soul Singing,1
Soul Parsifal,1
Soul Education,1
Soot & Stars,1
Sons Of Freedom,1
Sonifera Ilha,1
Song For Lorraine,1
Sonata for Solo Violin: IV: Presto,1
Sometimes Salvation,1
Sometimes I Feel Like Screaming,1
Something Nice Back Home,1
Someday Never Comes,1
Some Unholy War,1
Some Kind Of Monster,1
Solo-Panhandler,1
Solitary,1
Soldado Da Paz,1
Socorro,1
Sobremesa,1
So Por Amor,1
"So Fast, So Numb",1
So Cruel,1
So Beautiful,1
Smokin' in The Boys Room,1
Smoked Pork,1
Smells Like Teen Spirit (Ao Vivo),1
Slug,1
Slowness,1
Sleep On The Sidewalk,1
Slave,1
Sister Awake,1
Sir Psycho Sexy,1
Sing Joyfully,1
Sincero Breu,1
Silver And Gold,1
Signe,1
Sick Again,1
Showcase,1
Show Me How to Live (Live at the Quart Festival),1
Shout It Out Loud,1
Shout At The Devil,1
Shotgun Blues,1
Shiny Happy People,1
Shining In The Light,1
Sheer Heart Attack,1
She Wears Black,1
Shape of Things to Come,1
Sex Type Thing,1
Severed Hand,1
Seventh Son of a Seventh Son,1
Seven Seas Of Rhye,1
Seven Minutes to Midnight,1
Seu Balancê,1
Set It Off,1
Será Que Vai Chover?,1
Será,1
Sereia,1
Sem Sentido,1
Sem Essa de Malandro Agulha,1
Seis Da Tarde,1
Segue O Seco,1
Seek And You Shall Find,1
Seek & Destroy,1
See You,1
Secrets,1
Seconds,1
Sea of Madness,1
Sea Of Sorrow,1
Se...,1
Se Liga,1
Scratch-N-Sniff,1
Scentless Apprentice,1
Scar On the Sky,1
"Say It Loud, I'm Black And I'm Proud Pt.1",1
Say Hello 2 Heaven,1
Save Me,1
Saudosismo,1
Saudosa Maloca,1
Saudade Dos Aviões Da Panair (Conversando No Bar),1
Satisfação,1
Satch Boogie,1
Sapopemba e Maxambomba,1
Sapato 36,1
Santo Antonio,1
Santana Jam,1
Santa Clara Clareou,1
Sangue De Bairro,1
San Francisco Bay Blues,1
Sampa,1
Same Ol' Situation,1
Samba pras moças,1
Samba da Bençaco,1
Samba Pra Endrigo,1
Samba Makossa,1
Samba Em Prelúdio,1
Samba Do Jato,1
Samba Da Volta,1
Sam With The Showing Scalp Flat Top,1
Salve Simpatia,1
Salve Nossa Senhora,1
Salutations,1
Saint Of Me,1
Safety Training,1
Safe and Sound,1
Sad Statue,1
"Sabbath, Bloody Sabbath",1
SKA,1
S.O.S.,1
Réu Confesso,1
Rusty Cage,1
Running Free,1
Run to the Hills,1
Run To The Hilss,1
Run Through The Jungle,1
Roxanne,1
Romeo et Juliette: No. 11 - Danse des Chevaliers,1
Romaria (Renato Teixeira),1
Romaria,1
Rollover D.J.,1
Rock The Casbah,1
Rock On,1
Rock Of Ages,1
Rock Das Aranhas (Ao Vivo) (Live),1
Rock And Roll Is Dead,1
Rock 'N' Roll Music,1
Road Trippin',1
Ro-Que-Se-Da-Ne,1
Riviera Paradise,1
River Song,1
Rita Lee,1
Rios Pontes & Overdrives,1
Rime of the Ancient Mariner,1
Right Through You,1
Right Now,1
Right Next Door to Hell,1
Ride The Lightning,1
Rhinocerous,1
Revenga,1
Restless and Wild,1
Respectable,1
"Requiem, Op.48: 4. Pie Jesu",1
Remedy,1
Relvelation (Mother Earth),1
Rehab (Hot Chip Remix),1
Reggae Tchan,1
Reggae Odoyá,1
Refazenda,1
Refavela (Live),1
Redundant,1
Red House,1
Realword,1
Realce,1
Real Thing,1
Razor,1
Rasul,1
Ramshackle Man,1
Ram It Down,1
Rag Doll,1
Radio/Video,1
Radio GA GA,1
Radio Free Aurope,1
RV,1
Querem Meu Sangue,1
Quem Mata A Mulher Mata O Melhor,1
Queixa,1
Quase Um Segundo,1
Quanta (Live),1
Quando Você Voltar,1
Puteiro Em João Pessoa,1
Put Your Lights On,1
Put Your Head Out,1
Put The Finger On You,1
Purgatory,1
Psychopomp,1
Pseudo Silk Kimono,1
Prá Dizer Adeus,1
Proud Mary,1
Protesto Do Olodum (Ao Vivo),1
"Prometheus Overture, Op. 43",1
Producer's Cut: The Return,1
Problem Child,1
Pristina,1
Principiando/Decolagem,1
Princess of the Dawn,1
Prince Charming,1
Primary,1
Primal Scream,1
Pretty Tied Up,1
Pretty Persuasion,1
Prenda Minha,1
Preciso Apender a Viver Só (Maysa),1
Praise,1
Pour Some Sugar On Me,1
Pot-Pourri N.º 5,1
Pot-Pourri N.º 4,1
Pot-Pourri N.º 2,1
"Posso Perder Minha Mulher, Minha Mãe, Desde Que Eu Tenha O Rock And Roll",1
Porch,1
Porcelain,1
Por Que Será,1
Poprocks And Coke,1
Poor Twisted Me,1
Poor Tom,1
Ponto De Interrogação,1
Ponta de Areia,1
Polícia (Vinheta),1
Poeira,1
Podres Poderes,1
Podes Crer,1
Plush,1
Please Don't Touch,1
Playtime,1
Planet Home,1
Pini Di Roma (Pinien Von Rom) \ I Pini Della Via Appia,1
Pinball Wizard,1
Pictures Of Lily,1
Pictures Of Home,1
Pick Myself Up,1
"Piano Sonata No. 14 in C Sharp Minor, Op. 27, No. 2, ""Moonlight"": I. Adagio sostenuto",1
Phantom Of The Opera,1
Persuasion,1
Perplexo,1
Perfect Circle,1
Pensamento,1
Pela Internet (Live),1
"Peer Gynt Suite No.1, Op.46: 1. Morning Mood",1
Pau-De-Arara,1
Paths Of Glory,1
"Past, Present, and Future",1
"Partita in E Major, BWV 1006A: I. Prelude",1
Parasite,1
Paranoid,1
Parallel Universe,1
Paradise City,1
Parabolicamará,1
Para Lennon E McCartney,1
Par Avion,1
Papelão,1
Papeau Nuky Doe,1
Papa's Got A Brand New Bag Pt.1,1
Panis Et Circenses,1
Panama,1
Palco,1
Palavras Ao Vento,1
Palavras,1
Paisagem Na Janela,1
Pais E Filhos,1
Pagan Baby,1
Padre Cícero,1
Ozone Baby,1
Overtime,1
Overdrive,1
Over The Hills And Far Away,1
Over And Out,1
Outshined,1
Outlaws,1
Outbreak,1
Out Ta Get Me,1
Out On The Tiles,1
Out Of Tears,1
Out Of Sight,1
Otay,1
Os Exilados,1
Os Cegos Do Castelo,1
Os Alquimistas Estão Chegando,1
Orion,1
Original Of The Species,1
Orientation,1
Opus No.1,1
Opachorô (Live),1
Only the Good Die Young,1
Only A Dream In Rio,1
Onibusfobia,1
One Step Closer,1
One Man's Meat,1
One I Want,1
One Giant Leap,1
One For The Road,1
One,1
On Mercury,1
On Fire,1
On A Plain,1
Olodum - Smile (Instrumental),1
Old Love,1
"Oh, My Love",1
Off He Goes,1
Of Wolf And Man,1
Odara,1
Oceans,1
Oceano,1
Occupation / Precipice,1
O Último Romântico (Ao Vivo),1
O Xote Das Meninas,1
O Trem Da Juventude,1
O Que Vai Em Meu Coração,1
O Que Será (À Flor Da Terra),1
O Que Me Importa,1
O Livro Dos Dias,1
O Leaozinho,1
O Dia Em Que A Terra Parou,1
O Descobridor Dos Sete Mares,1
O Cidadão Do Mundo,1
O Braço Da Minha Guitarra,1
O Boto (Bôto),1
O Bicho Tá Pregando,1
O Beco,1
O Amor Nao Sabe Esperar,1
Não Vou Lutar,1
Não Vou Ficar,1
Não Sei O Que Eu Quero Da Vida,1
Não Dá Mais Pra Segurar (Explode Coração),1
Numb,1
Now You're Gone,1
Nothingman,1
Nothing to Hide,1
Nothing To Say,1
Nothin' To Lose,1
Nosso Adeus,1
Nobody's Home,1
Nobody Knows You When You're Down & Out,1
No Way Back,1
No Prayer For The Dying,1
No One Came,1
No More Tears,1
No Memory,1
No Futuro,1
No Fundo Do Quintal Da Escola,1
Night Train,1
Night Time Is The Right Time,1
Night Of The Long Knives,1
Night Flight,1
Nico,1
Neworld,1
"New York, New York",1
New York,1
New Test Leper,1
New Love,1
Never Say Die,1
Nervosa,1
Nem Um Dia,1
Nem 5 Minutos Guardados,1
Nefertiti,1
Navegar Impreciso,1
Naked In The Rain,1
Naked In Front Of The Computer,1
Na Frente Da TV,1
N.I.B.,1
Música Urbana 2,1
Música De Trabalho,1
Mãe Terra,1
My World,1
My Time After Awhile,1
My Ship,1
My Mistake,1
My Melancholy Blues,1
My Love,1
My Kind Of Town,1
My Hero,1
My Friend Of Misery,1
Muçulmano,1
Murders In The Rue Morgue,1
Mundaréu,1
Muita Bobeira,1
Mr. Crowley,1
Mr. Brownstone,1
Mouth To Mouth,1
Moth,1
Most High,1
Morro Da Casa Verde 2001,1
Morning Glory,1
Moon germs,1
Moon Is Up,1
Monkey Wrench,1
Money,1
Momentos Que Marcam,1
Molina,1
Mofo,1
Moby Dick,1
Mistério da Raça,1
Misty Mountain Hop,1
Miss Sarajevo,1
Miracle To Me,1
Minority,1
Minha Namorada,1
Minha Historia,1
Millenium,1
Midnight Cowboy,1
Midnight,1
Michael's Birthday,1
Meu Refrigerador Não Funciona,1
Meu Mundo Fica Completo (Com Você),1
Meu Guarda-Chuva,1
Metrô. Linha 743,1
"Metopes, Op. 29: Calypso",1
Metal Militia,1
Metal Meltdown,1
Message in a Bottle (new classic rock mix),1
Meninos E Meninas,1
Menino Do Rio,1
Mellowship Slinky In B Major,1
Meet Kevin Johnson,1
Medo De Escuro,1
Mean Disposition,1
Me Liga,1
Me In Honey,1
Me Deixas Louca,1
Me & Mr. Jones,1
May This Be Love,1
Mateus Enter,1
Mas Que Nada,1
Marvin,1
"Maria, Maria",1
Maria Rosa,1
Maria Maria,1
Maria Fumaça,1
Maria,1
Maracatu De Tiro Certeiro,1
Maracatu Atômico [Trip Hop],1
Maracatu Atômico,1
Maquinarama,1
Manuel,1
Manifest Destiny,1
Mangueira,1
"Man of Science, Man of Faith (Premiere)",1
Man With The Woman Head,1
Man On The Edge,1
Mama Said,1
Mama Africa,1
Maluco Beleza,1
Malpractice,1
Make Me Believe,1
Magnetic Ocean,1
Magic Bus,1
Madalena,1
Macy's Day Parade,1
Mack The Knife,1
Machine Men,1
MFC,1
Luis Inacio (300 Picaretas),1
Lucky 13,1
Low Man's Lyric,1
Low,1
Loving You Sunday Morning,1
Love Rescue Me,1
Love Removal Machine,1
Love Of My Life,1
Love Is Strong,1
Love Is Blindness,1
Love In An Elevator,1
Love Gun,1
Love Don't Mean a Thing,1
Love Conquers All,1
Love Comes,1
Love Child,1
Love And Peace Or Else,1
Love,1
Loud Love,1
Lost in Hollywood,1
Lost Survival Guide,1
"Lost Planet of the Gods, Pt. 2",1
"Lost Planet of the Gods, Pt. 1",1
Losing My Religion,1
Losfer Words,1
Lords of Karma,1
Lord of Light,1
Lord Of The Flies,1
Looking For Love,1
Longview,1
Long Tall Sally,1
Long As I Can See The Light,1
Lodi,1
Livre Pra Viver,1
Living In America,1
Livin' On The Edge,1
Live and Let Die,1
"Live Together, Die Alone, Pt. 1",1
Live To Win,1
Little Linda,1
Little Guitars (Intro),1
Little Guitars,1
Linha Do Horizonte,1
Lindo Lago Do Amor,1
Lilás,1
Lil' Evil,1
Like a Stone,1
Like A Song...,1
Ligia,1
Lightning Strikes Twice,1
Life Line,1
Life During Wartime,1
Lick It Up,1
Levada do Amor (Ailoviu),1
Letterbomb,1
Let's See Action,1
Let Me Off Uptown,1
Let It Grow,1
Lemon,1
Leila,1
Leave,1
Leash,1
Leandro De Itaquera 2001,1
Lazy Gun,1
Lavadeira,1
Last Night On Earth,1
Last Caress/Green Hell,1
Lanterna Dos Afogados,1
Lamento Sertanejo,1
Lament,1
Laguna Sunrise,1
La Puesta Del Sol,1
La Bella Luna,1
Know Your Rights,1
Knocking At Your Back Door,1
Knockin On Heavens Door,1
King Of Pain,1
King Of Dreams,1
King Nothing,1
King In Crimson,1
Kindergarten,1
Killing Floor,1
Kickstart My Heart,1
"Karelia Suite, Op.11: 2. Ballade (Tempo Di Menuetto)",1
KKK Bitch,1
Just Friends,1
Just Ain't Good Enough,1
"Jupiter, the Bringer of Jollity",1
Jungle Drums,1
Jump In The Fire,1
Jump,1
Juazeiro,1
Journey To Arnhemland,1
Jorge Da Capadócia,1
Join Together,1
Ji Yeon,1
Jesus Of Suburbia / City Of The Damned / I Don't Care / Dearly Beloved / Tales Of Another Broken Home,1
Jesus Christ Pose,1
Jerusalem,1
Jeru,1
Jeito Faceiro,1
Jean Pierre (Live),1
Jealous Guy,1
Janie's Got A Gun,1
Jailbait,1
Jah Seh No,1
Jaded,1
Jacob's Ladder,1
Ito Okashi,1
It's a Mistake,1
It's Too Funky In Here,1
It's The End Of The World As We Know It (And I Feel Fine),1
It's So Easy,1
It's Only Love,1
It's Late,1
It's Just A Thought,1
It's A Man's Man's Man's World,1
It's A Hard Life,1
It Was A Very Good Year,1
It Doesn't Matter,1
It Ain't Like That,1
Iron Man/Children of the Grave,1
Iron Man,1
Ipiranga 2001,1
Invisible Kid,1
Invaders,1
Intro / Stronger Than Me,1
Into The Light,1
Into The Fire,1
Interlude Zumbi,1
Instinto Colectivo,1
Instant Karma,1
Inside Job,1
Insensível,1
Innuendo,1
Infeliz Natal,1
Indios,1
In Your Honor,1
In Bloom,1
If You Have To Ask,1
If You Don't Know Me By Now,1
If God Will Send His Angels,1
Idolatrada,1
I'm Real,1
I'm A Boy,1
I Would Do For You,1
I Was Made For Loving You,1
I Want To Break Free,1
I Want It All,1
I Still Love You,1
I Still Haven't Found What I'm Looking for,1
I Still Haven't Found What I'm Looking For,1
I Remember California,1
I Need Love,1
I Looked At You,1
I Like Dirt,1
I Know Somethin (Bout You),1
I Heard Love Is Blind,1
I Get A Kick Out Of You,1
I Fucking Hate You,1
I Feel Good (I Got You) - Sossego,1
I Don't Wanna Be Kissed (By Anyone But You),1
I Don't Know,1
I Do,1
I Could Have Lied,1
I Could Die For You,1
I Can't Remember,1
I Can't Quit You Baby(2),1
I Can't Quit You Baby,1
I Can See For Miles,1
I Belong To You,1
I Am,1
Hysteria,1
Hypnotize,1
Hush,1
Humans Being,1
How The West Was Won And Where It Got Us,1
How High The Moon,1
Houses Of The Holy,1
House of the Rising Sun,1
Hots On For Nowhere,1
Hot Rockin',1
Hot Dog,1
Hooked Up,1
Honolulu,1
Homem Primata (Vinheta),1
Homem Primata,1
Homely Girl,1
Homecoming / The Death Of St. Jimmy / East 12th St. / Nobody Likes You / Rock And Roll Girlfriend / We're Coming Home Again,1
Homecoming,1
Home Sweet Home,1
Home Sick Home,1
Holy Smoke,1
Holier Than Thou,1
Hit The Lights,1
Hip Hop Rio,1
Highway Chile,1
Higher Ground,1
High Head Blues,1
High Ball Shooter,1
"Hey, Johnny Park!",1
Hey Tonight,1
Hey Joe,1
Hey Hey,1
Hey Cisco,1
Hero,1
Here I Go Again,1
Here I Am (Come And Take Me),1
Hemp Family,1
Help Yourself,1
Hell Ain't A Bad Place To Be,1
Heliopolis,1
Heavy Love Affair,1
Heartland,1
Heartbreaker,1
Heart Of Lothian: Wide Boy / Curtain Call,1
Heart Of Gold,1
Heart In Your Hand,1
Headspace,1
Headlong,1
He Can Only Hold Her,1
Hawkmoon 269,1
Hats Off To (Roy) Harper,1
Harvester Of Sorrow,1
Hard To Handle,1
Hard Luck Woman,1
Happy Jack,1
Hang 'Em High,1
Hands All Over,1
Halloween,1
Hairshirt,1
Guess Who's Back,1
Groovus Interruptus,1
Grito De Alerta,1
"Greetings from Earth, Pt. 2",1
"Greetings from Earth, Pt. 1",1
Green River,1
Green Grow The Rushes,1
Green Disease,1
Gota D'água,1
Got That Feeling,1
Gostava Tanto De Você,1
Gone,1
Going To California,1
Going Down / Highway Star,1
Goin' Blind,1
God Part II,1
God Of Thunder,1
God Gave Rock 'n' Roll To You,1
God,1
Go Down,1
Go Back,1
Go,1
Giz,1
Given To Fly,1
Girl From A Pawnshop,1
Gimmie Shelters,1
Ghost,1
Get What You Need,1
Get Up Offa That Thing,1
Get Up (I Feel Like Being A) Sex Machine,1
Get Right,1
Get Out,1
Get On Top,1
Get On The Snake,1
Get Off Of My Cloud,1
"Get Down, Make Love",1
Genghis Khan,1
Genesis,1
Geek Stink Breath,1
Gavioes 2001,1
Gates Of Urizen,1
Gates Of Tomorrow,1
Gatas Extraordinárias,1
Garota de Ipanema (Dick Farney),1
Garota Nacional,1
Futureal,1
Funky Piano,1
Funk de Bamba,1
Funk Hum,1
Fuel,1
From Out Of Nowhere,1
From Here To Eternity,1
Friends,1
Friend Of A Friend,1
Freewill,1
Freewheel Burning,1
Freedom For My People,1
Free Me,1
Frantic,1
Four Walled World,1
Four Sticks,1
Forty Days Instrumental,1
Fortuneteller,1
Fortunes Of War,1
Fortunate Son,1
Formosa,1
Formigueiro,1
Forgiven,1
Fora Da Ordem,1
For Your Babies,1
For Those About To Rock (We Salute You),1
Fool In The Rain,1
Fly Me To The Moon,1
Fly By Night,1
Flower,1
Flores,1
Flor De Lis,1
Flight Of The Rat,1
Flash of The Blade,1
Flash,1
First Time I Met The Blues,1
Fire + Water,1
Fire,1
Finding My Way,1
Filho Maravilha,1
Fight From The Inside,1
Fica,1
Felicidade Urgente,1
Feirinha da Pavuna/Luz do Repente/Bagaço da Laranja,1
Feel Your Love Tonight,1
Feel It,1
Fear Is The Key,1
Fates Warning,1
Fat Bottomed Girls,1
Fast As a Shark,1
Fast And Loose,1
Fascinação,1
Fantasia On Greensleeves,1
Família,1
Falling To Pieces,1
Fall To Pieces,1
Falar A Verdade,1
Falando De Amor,1
Faixa Amarela,1
Fairies Wear Boots,1
Fade To Black,1
Faceless,1
Face In The Sand,1
F*Ckin' Up,1
F**k Me Pumps,1
Eye Of The Beholder,1
Eye,1
Extraordinary Girl,1
Extra,1
Expresso 2222,1
Exposé,1
Exploder,1
Experiment In Terra,1
"Exodus, Pt. 2",1
"Exodus, Pt. 1",1
Exodus (Part 2) [Season Finale],1
Evil Woman,1
Evil Ways,1
Evil Walks,1
Evil Dick,1
Everything's Ruined,1
Everything I Need,1
Every Time I Look At You,1
Every Breath You Take,1
Everlong,1
Even Better Than The Real Thing,1
Eu Vim Da Bahia - Live,1
Eu Também Quero Beijar,1
Eu Sou Neguinha (Ao Vivo),1
Eu E Ela,1
Eu Apenas Queria Que Voçê Soubesse,1
Eu Amo Você,1
Etnia,1
Estrela (Live),1
Estranged,1
Esse Cara,1
Esperando Na Janela,1
Era Uma Vez,1
Equinocio,1
Epic,1
Entre E Ouça,1
Entrando Na Sua (Intro),1
Enter 77,1
Enquanto O Dia Não Vem,1
Endgame,1
Encontrar Alguém,1
Email Surveillance,1
Elza,1
Electrolite,1
Eleanor Rigby,1
Elderly Woman Behind The Counter In A Small Town,1
Ela Disse Adeus,1
El Farol,1
Edie (Ciao Baby),1
Eclipse Oculto,1
E.S.P.,1
E.C.T.,1
Dust N' Bones,1
Dujji,1
Duende,1
Duelists,1
Drowning Man,1
Drown Me Slowly,1
Drown,1
Dreams,1
Down Under,1
Down On The Corner,1
Down By The Seaside,1
Doutor,1
Double Talkin' Jive,1
Don't You Cry,1
Don't Stand so Close to Me,1
Don't Look Back,1
Don't Go Back To Rockville,1
Don't Damn Me,1
Don't Cry (Original),1
Don't Cry,1
Domingo,1
Dog Eat Dog,1
Doesn't Remind Me,1
Do what cha wanna,1
Do You Love Me,1
Do You Like The Way,1
Do You Have Other Loves?,1
Do You Feel Loved,1
Do It For The Kids,1
Diwali,1
Divirta-Se (Saindo Da Sua),1
Diversity Day,1
Distractions,1
Dissident,1
Disposable Heroes,1
Disenchanted Lullaby,1
Discotheque,1
Disarm,1
Disappearing Act,1
Dirty Water Dog,1
Dirty Love,1
Dirty Little Thing,1
Din Din Wo (Little Child),1
"Diga Lá, Coração",1
Die With Your Boots On,1
Die Walküre: The Ride of the Valkyries,1
Die Die My Darling,1
Diamonds And Rust (Live),1
Deus Ex Machina,1
Deuce,1
Destitute Illusions,1
Desaforo,1
Departure,1
Denúncia,1
Demorou!,1
Deixa,1
Deeper Underground,1
Deep Waters,1
Dee,1
Dead Horse,1
Dead And Bloated,1
De Ouro E Marfim (Live),1
De Noite Na Cama,1
De La Luz,1
De Ja Vu,1
"De Do Do Do, De Da Da Da",1
Dave,1
Dark Corners,1
Dança Da Solidão,1
"Danny Boy, Danny Boy",1
Dandelion,1
Dancing In The Street,1
Dancing Barefoot,1
Dance Of Death,1
Dance Enquanto é Tempo,1
Dance,1
Damage Inc.,1
Damage Case,1
Da Lama Ao Caos,1
D'Yer Mak'er,1
Cérebro Eletrônico,1
Cuyahoga,1
Cursed Diamonds,1
Cure,1
Cuckoo For Caca,1
Crystal Ball,1
Cry For Love,1
Crumbs From Your Table,1
"Crossroads, Pt. 2",1
"Crossroads, Pt. 1",1
Crossroads,1
Crossfire,1
Cropduster,1
Cristina Nº 2,1
Criança De Domingo,1
Creeping Death,1
Creep,1
Crazy Train,1
Crash Course In Brain Surgery,1
Crackerman,1
Cotton Fields,1
Coroné Antonio Bento,1
Corinna,1
Corduroy,1
Coração do Agreste (Fafá de Belém),1
Coração Em Desalinho,1
Coração De Estudante,1
Copacabana (Live),1
Construção / Deus Lhe Pague,1
Confusion,1
Condição,1
"Concerto for Piano No. 2 in F Minor, Op. 21: II. Larghetto",1
"Concerto for Cello and Orchestra in E minor, Op. 85: I. Adagio - Moderato",1
"Concerto No.2 in F Major, BWV1047, I. Allegro",1
Computadores Fazem Arte,1
Compulsion,1
Company Man,1
Como É Duro Trabalhar,1
Como Estais Amigos,1
Communication Breakdown(2),1
Commercial 2,1
Começaria Tudo Outra Vez,1
Come Fly With Me,1
Coma,1
Com Açúcar E Com Afeto,1
Collaborators,1
Colibri,1
Cold Turkey,1
Cold Gin,1
Cochise,1
Closer To The Heart,1
Clash City Rockers,1
Civil War,1
Cinema Mudo,1
Cigaro,1
Cigano,1
Chão de Giz (Elba Ramalho),1
Chão De Estrelas,1
Christmas Party,1
Children of the Damned,1
Childhoods End?,1
Child In Time,1
Chega no Suingue,1
Charles Anjo 45,1
Chapa o Coco,1
Chaos-Control,1
Changes,1
Chains Of Misery,1
Caçador de Mim (Sá & Guarabyra),1
Caught Somewhere in Time,1
Cathedral,1
Catch-22,1
Caso Você Queira Saber,1
Cascades : I'm Not Your Lover,1
Casa no Campo,1
Casa,1
Carta Ao Tom 74,1
Carouselambra,1
Carolina Hard-Core Ecstasy,1
Carolina,1
Carol,1
Carnival Of Sorts,1
Caras Como Eu,1
Caprichosos,1
Canário Do Reino,1
Canto De Ossanha,1
"Canta, Canta Mais",1
Canon and Gigue in D Major: I. Canon,1
Can't Stop Loving You,1
Can't Stop,1
Can't Stand Losing You,1
Can't Keep,1
Can't Get There From Here,1
Can You See Me,1
Camisa Verde 2001,1
Camarão que Dorme e Onda Leva,1
Call Me a Dog,1
Californication,1
Cafezinho,1
C'Mon Everybody,1
Bê-a-Bá,1
"Bye, Bye Brasil",1
Bye Bye Blackbird,1
By The Way,1
Bush Doctor,1
Busca Vida,1
Burn Away,1
Burden In My Hand,1
Bullet The Blue Sky,1
Brumário,1
Bring Your Daughter... To The Slaughter,1
Bring Your Daughter... ...To The Slaughter,1
Bring Me Your Cup,1
Brighter Than a Thousand Suns,1
Breed,1
Breathe,1
Breakthru,1
Breaking The Rules,1
Breadfan,1
Brave New World,1
Brasília 5:31,1
Brain Stew,1
Brain Damage,1
Boulevard Of Broken Dreams,1
Bossa,1
Born to Run,1
Born To Move,1
Born On The Bayou,1
Bored To Tears,1
Bora-Bora,1
Bop Boogie,1
Book Of Thel,1
Boogie With Stu,1
Boogie Blues,1
Bohemian Rhapsody,1
Body Count's In The House,1
Body Count Anthem,1
Body Count,1
Blues For Pablo (Alternate Take),1
Blue Train,1
Blow Your Mind,1
Blood On The World's Hands,1
Blood In The Wall,1
Blitzkrieg,1
Blissed & Gone,1
Blind Man,1
Bleeding Me,1
Bleed Together,1
Bleed The Freak,1
Blackened,1
Black Satin,1
Black Night,1
Black Mountain Side,1
Black Moon Creeping,1
Black Light Syndrome,1
Black Hole Sun,1
Black Diamond,1
Black Capricorn Day,1
Black,1
Bittersweet Me,1
Billie Jean,1
Big Machine,1
Bicycle Race,1
Better Halves,1
Beth,1
Best Thing,1
Berimbau,1
Bell Bottom Blues,1
Believer,1
Beijo Partido,1
Beija-Flor,1
Been A Son,1
Beach Sequence,1
Be Mine,1
Be Good Johnny,1
Be Aggressive,1
"Battlestar Galactica, Pt. 2",1
"Battlestar Galactica, Pt. 1",1
Bass Trap,1
Bark at the Moon,1
Bankrobber,1
"Baltimore, DC",1
Baltar's Escape,1
Balanço,1
Badge,1
"Bad, Bad Leroy Brown",1
Bad Seed,1
Bad Obsession,1
Bad Moon Rising,1
Bad,1
Back to Black,1
Back off Bitch,1
Back in the Village,1
Back from Vacation,1
Back Door Man,1
Babyface,1
Baba O'Riley,1
B.Y.O.B.,1
Avisa,1
Ava Adore,1
Attitude,1
Atrás da Porta,1
Atrás Da Verd-E-Rosa Só Não Vai Quem Já Morreu,1
Atras Da Porta,1
Atomic Punk,1
Astronomy,1
Assum Preto,1
Assim Caminha A Humanidade,1
Assaltaram A Gramática,1
Ashes To Ashes,1
As We Sleep,1
As Tears Go By,1
As Profecias,1
As Dores do Mundo,1
As Aparências Enganam,1
Around The World,1
Army Ants,1
Armadura,1
Are You Gonna Go My Way,1
Are You Gonna Be My Girl,1
Are We The Waiting,1
Arc,1
Aquilo,1
Aquele Abraço,1
Aprendendo A Jogar,1
Apesar De Você,1
Aos Leões,1
"Anyway, Anyhow, Anywhere",1
Anything Goes,1
Any Colour You Like,1
Anthem,1
Another One Bites The Dust,1
Another Life,1
Angela,1
Angel Of Harlem,1
Angel,1
Amy Amy Amy (Outro),1
Amor Demais,1
American Woman,1
American Idiot,1
Amazing,1
Amanhã Não Se Sabe,1
Am I Evil?,1
"Alô, Alô, Marciano",1
"Always With Me, Always With You",1
Aloha,1
All Within My Hands,1
All Star,1
All Night Thing,1
All My Love,1
All I Really Want,1
All For You,1
"All Dead, All Dead",1
All Because Of You,1
Alive,1
Ali,1
Alberta,1
Ain't Talkin' 'bout Love,1
Ain't My Bitch,1
Agora Que O Dia Acordou,1
Age Of Innocence,1
After Midnight,1
Aeroplane Flies High,1
Advance Romance,1
Adrift,1
Admirável Gado Novo,1
Adios nonino,1
Action,1
"Act IV, Symphony",1
Acrobat,1
Achilles Last Stand,1
Abrir A Porta,1
A.N.D.R.O.T.A.Z.,1
A Twist In The Tail,1
A Touch Away,1
A Sua,1
A Statistic,1
A Small Victory,1
A Paz,1
A Noite Do Meu Bem,1
A Moça e a Chuva,1
"A Midsummer Night's Dream, Op.61 Incidental Music: No.7 Notturno",1
A Menina Dança,1
A Man And A Woman,1
A Kind Of Magic,1
A Festa Do Santo Reis,1
A Day In the Life,1
A Cura,1
"A Benihana Christmas, Pts. 1 & 2",1
A Bencao E Outros,1
A Banda,1
5.15,1
32 Dentes,1
2 X 4,1
2 A.M.,1
14 Years,1
1/2 Full,1
09 - Iron Maiden,1
05 - Phantom of the Opera,1
04 - Running Free,1
01 - Prowler,1
...And Justice For All,1
...And Found,1
(Wish I Could) Hideaway,1
(White Man) In Hammersmith Palais,1
(Anesthesia) Pulling Teeth,1
'Round Midnight,1
#9 Dream,1
"""?""",1
